1, AppAM00001
2, AppAM00002
3, AppAM00003
4, AppAM00004
5, AppAM00005
6, MicAM00006
7, MicAM00007
8, MicAM00008
9, MicAM00009
10, MicAM00010
11, AppVM00001
12, AppVM00002
13, AppVM00003
14, AppVM00004
15, AppVM00005
16, AppVM00006
17, AppVM00007
18, AppVM00008
19, AppVM00009
20, AppVM00010
21, MicAM00011
22, MicAM00012
23, MicAM00013
24, MicAM00014
25, MicAM00015
26, MicAM00016
27, MicAM00017
28, MicAM00018
29, MicAM00019
30, MicAM00020
31, AppAM00021
32, AppAM00022
33, AppAM00023
34, AppAM00024
35, AppAM00025
36, MicAM00026
37, MicAM00027
38, MicAM00028
39, MicAM00029
40, MicAM00030
41, MicAM00031
42, MicAM00032
43, MicAM00033
44, MicAM00034
45, MicAM00035
46, AppVM00011
47, AppVM00012
48, AppVM00013
49, AppVM00014
50, AppVM00015
51, AppVM00016
52, AppVM00017
53, AppVM00018
54, AppVM00019
55, AppVM00020
